{"stats":{"minecraft:crafted":{"minecraft:crossbow":4,"minecraft:wooden_shovel":1,"minecraft:oak_planks":448,"minecraft:arrow":192,"minecraft:emerald":42,"minecraft:crafting_table":5,"minecraft:spruce_planks":772,"minecraft:fletching_table":1,"minecraft:birch_planks":12,"minecraft:stone_axe":15,"minecraft:enchanted_book":1,"minecraft:bread":48,"minecraft:air":0,"minecraft:spruce_stairs":48,"minecraft:bow":3,"minecraft:stick":2192,"minecraft:wooden_axe":5,"minecraft:stone_sword":1,"minecraft:chest":1,"minecraft:white_bed":1,"minecraft:wheat":144},"minecraft:dropped":{"minecraft:white_tulip":1,"minecraft:wheat_seeds":1,"minecraft:andesite_slab":6,"minecraft:spruce_stairs":44,"minecraft:dirt":10,"minecraft:wooden_axe":1,"minecraft:andesite":10},"minecraft:killed_by":{"minecraft:creeper":1},"minecraft:mined":{"minecraft:podzol":4,"minecraft:oak_sapling":5,"minecraft:white_bed":1,"minecraft:spruce_planks":2,"lootr:lootr_chest":1,"lootr:lootr_barrel":3,"farmersdelight:wild_carrots":8,"minecraft:dandelion":1,"minecraft:crafting_table":2,"minecraft:torch":1,"minecraft:grass_block":9,"minecraft:andesite_slab":3,"minecraft:lectern":22,"minecraft:tall_grass":39,"minecraft:spruce_leaves":3,"minecraft:large_fern":5,"minecraft:spruce_stairs":5,"minecraft:hay_block":16,"minecraft:spruce_sapling":1,"minecraft:birch_log":16,"minecraft:acacia_wood":16,"minecraft:spruce_log":795,"minecraft:andesite":8,"minecraft:fletching_table":8,"minecraft:grass":88,"minecraft:coal_ore":8,"minecraft:oak_log":266,"minecraft:dirt_path":4,"minecraft:dirt":30,"minecraft:stone":34,"minecraft:oak_leaves":7,"minecraft:fern":6},"minecraft:custom":{"lootr:looted_stat":34,"minecraft:mob_kills":22,"minecraft:traded_with_villager":62,"minecraft:interact_with_crafting_table":19,"minecraft:open_barrel":5,"minecraft:leave_game":2,"minecraft:time_since_death":96181,"minecraft:sleep_in_bed":3,"minecraft:climb_one_cm":1979,"minecraft:time_since_rest":14147,"minecraft:sprint_one_cm":252325,"minecraft:damage_taken":1370,"minecraft:walk_one_cm":200701,"minecraft:damage_blocked_by_shield":120,"minecraft:drop":10,"minecraft:damage_dealt":3735,"minecraft:talked_to_villager":57,"minecraft:swim_one_cm":11784,"minecraft:fly_one_cm":828994,"minecraft:open_chest":13,"minecraft:crouch_one_cm":5554,"minecraft:play_time":112907,"minecraft:deaths":1,"minecraft:sneak_time":3289,"minecraft:walk_under_water_one_cm":1172,"minecraft:interact_with_lectern":3,"minecraft:interact_with_brewingstand":6,"minecraft:jump":1246,"minecraft:walk_on_water_one_cm":4149,"minecraft:total_world_time":112907,"minecraft:fall_one_cm":30718},"minecraft:picked_up":{"minecraft:birch_log":16,"minecraft:crafting_table":2,"minecraft:chicken":1,"minecraft:andesite":15,"minecraft:brown_wool":1,"minecraft:acacia_wood":16,"minecraft:oak_log":259,"minecraft:dirt":70,"minecraft:bone":2,"minecraft:apple":15,"minecraft:wheat_seeds":29,"minecraft:spruce_planks":18,"minecraft:white_tulip":2,"minecraft:poppy":1,"minecraft:fletching_table":8,"minecraft:lectern":22,"minecraft:chest":1,"minecraft:birch_sapling":3,"minecraft:oak_planks":47,"duckling:duck_egg":8,"minecraft:stick":174,"minecraft:torch":3,"minecraft:dandelion":1,"minecraft:spruce_stairs":91,"minecraft:porkchop":3,"minecraft:spruce_sapling":125,"minecraft:white_bed":1,"minecraft:carrot":9,"minecraft:spruce_log":768,"minecraft:barrel":3,"minecraft:rotten_flesh":10,"minecraft:arrow":2,"minecraft:hay_block":16,"minecraft:andesite_slab":6,"minecraft:white_wool":3,"minecraft:oak_sapling":133,"minecraft:black_wool":1,"minecraft:mutton":6,"minecraft:coal":8,"minecraft:cobblestone":35},"minecraft:killed":{"minecraft:pig":1,"minecraft:spider":1,"minecraft:sheep":5,"minecraft:skeleton":2,"minecraft:zombie":13},"minecraft:broken":{"minecraft:stone_axe":1,"minecraft:wooden_sword":1,"minecraft:golden_pickaxe":1,"minecraft:wooden_axe":3},"minecraft:used":{"minecraft:stone_sword":52,"minecraft:tropical_fish":1,"minecraft:oak_planks":12,"minecraft:poppy":1,"minecraft:spruce_planks":2,"minecraft:chest":2,"minecraft:shield":2,"minecraft:wooden_shovel":28,"minecraft:fletching_table":9,"minecraft:rotten_flesh":1,"minecraft:iron_chestplate":1,"minecraft:torch":10,"minecraft:dirt":44,"minecraft:crafting_table":7,"minecraft:spruce_stairs":9,"minecraft:white_bed":2,"minecraft:wooden_axe":246,"minecraft:bread":27,"minecraft:lectern":22,"minecraft:iron_helmet":1,"minecraft:spruce_sapling":121,"minecraft:stone_axe":920,"minecraft:wooden_sword":59,"minecraft:cobblestone":1,"minecraft:porkchop":3,"minecraft:oak_sapling":89,"duckling:duck_egg":8,"minecraft:acacia_wood":16,"minecraft:large_fern":1,"minecraft:golden_pickaxe":53}},"DataVersion":3465}