{"stats":{"minecraft:crafted":{"minecraft:wooden_shovel":1,"minecraft:oak_planks":448,"minecraft:arrow":192,"minecraft:emerald":26,"minecraft:crafting_table":5,"minecraft:spruce_planks":264,"minecraft:fletching_table":1,"minecraft:birch_planks":12,"minecraft:stone_axe":3,"minecraft:enchanted_book":1,"minecraft:bread":48,"minecraft:air":0,"minecraft:spruce_stairs":48,"minecraft:bow":3,"minecraft:stick":1064,"minecraft:wooden_axe":5,"minecraft:stone_sword":1,"minecraft:chest":1,"minecraft:white_bed":1,"minecraft:wheat":144},"minecraft:dropped":{"minecraft:white_tulip":1,"minecraft:wheat_seeds":1,"minecraft:andesite_slab":6,"minecraft:spruce_stairs":44,"minecraft:dirt":10,"minecraft:wooden_axe":1,"minecraft:andesite":10},"minecraft:killed_by":{"minecraft:creeper":1},"minecraft:mined":{"minecraft:podzol":4,"minecraft:white_bed":1,"minecraft:spruce_planks":2,"lootr:lootr_chest":1,"lootr:lootr_barrel":3,"farmersdelight:wild_carrots":8,"minecraft:crafting_table":2,"minecraft:torch":1,"minecraft:grass_block":9,"minecraft:andesite_slab":3,"minecraft:lectern":22,"minecraft:tall_grass":36,"minecraft:spruce_leaves":3,"minecraft:large_fern":3,"minecraft:spruce_stairs":5,"minecraft:hay_block":16,"minecraft:spruce_sapling":1,"minecraft:birch_log":9,"minecraft:acacia_wood":16,"minecraft:spruce_log":209,"minecraft:andesite":8,"minecraft:fletching_table":8,"minecraft:grass":86,"minecraft:coal_ore":8,"minecraft:oak_log":116,"minecraft:dirt_path":4,"minecraft:dirt":30,"minecraft:stone":12,"minecraft:oak_leaves":3,"minecraft:fern":5},"minecraft:custom":{"lootr:looted_stat":34,"minecraft:mob_kills":22,"minecraft:traded_with_villager":42,"minecraft:interact_with_crafting_table":17,"minecraft:open_barrel":5,"minecraft:leave_game":2,"minecraft:time_since_death":84181,"minecraft:sleep_in_bed":3,"minecraft:climb_one_cm":1979,"minecraft:time_since_rest":2147,"minecraft:sprint_one_cm":178344,"minecraft:damage_taken":1350,"minecraft:walk_one_cm":178965,"minecraft:damage_blocked_by_shield":120,"minecraft:drop":10,"minecraft:damage_dealt":3735,"minecraft:talked_to_villager":48,"minecraft:swim_one_cm":11784,"minecraft:fly_one_cm":789711,"minecraft:open_chest":5,"minecraft:crouch_one_cm":5443,"minecraft:play_time":100907,"minecraft:deaths":1,"minecraft:sneak_time":3225,"minecraft:walk_under_water_one_cm":1172,"minecraft:interact_with_lectern":3,"minecraft:interact_with_brewingstand":6,"minecraft:jump":1068,"minecraft:walk_on_water_one_cm":4149,"minecraft:total_world_time":100907,"minecraft:fall_one_cm":27933},"minecraft:picked_up":{"minecraft:birch_log":9,"minecraft:crafting_table":2,"minecraft:andesite":10,"minecraft:brown_wool":1,"minecraft:acacia_wood":16,"minecraft:oak_log":112,"minecraft:dirt":70,"minecraft:bone":2,"minecraft:apple":4,"minecraft:wheat_seeds":28,"minecraft:spruce_planks":18,"minecraft:white_tulip":2,"minecraft:poppy":1,"minecraft:fletching_table":8,"minecraft:lectern":22,"minecraft:chest":1,"minecraft:oak_planks":47,"duckling:duck_egg":8,"minecraft:stick":50,"minecraft:torch":2,"minecraft:spruce_stairs":91,"minecraft:porkchop":3,"minecraft:spruce_sapling":59,"minecraft:white_bed":1,"minecraft:carrot":9,"minecraft:spruce_log":193,"minecraft:barrel":3,"minecraft:rotten_flesh":10,"minecraft:arrow":2,"minecraft:hay_block":16,"minecraft:andesite_slab":6,"minecraft:white_wool":3,"minecraft:oak_sapling":39,"minecraft:black_wool":1,"minecraft:mutton":6,"minecraft:coal":8,"minecraft:cobblestone":13},"minecraft:killed":{"minecraft:pig":1,"minecraft:spider":1,"minecraft:sheep":5,"minecraft:skeleton":2,"minecraft:zombie":13},"minecraft:broken":{"minecraft:stone_axe":1,"minecraft:wooden_sword":1,"minecraft:wooden_axe":3},"minecraft:used":{"minecraft:stone_sword":52,"minecraft:tropical_fish":1,"minecraft:oak_planks":12,"minecraft:poppy":1,"minecraft:spruce_planks":2,"minecraft:chest":2,"minecraft:shield":2,"minecraft:wooden_shovel":28,"minecraft:fletching_table":9,"minecraft:rotten_flesh":1,"minecraft:iron_chestplate":1,"minecraft:torch":9,"minecraft:dirt":44,"minecraft:crafting_table":7,"minecraft:spruce_stairs":9,"minecraft:white_bed":1,"minecraft:wooden_axe":246,"minecraft:bread":24,"minecraft:lectern":22,"minecraft:iron_helmet":1,"minecraft:spruce_sapling":29,"minecraft:stone_axe":157,"minecraft:wooden_sword":59,"minecraft:cobblestone":1,"minecraft:porkchop":2,"minecraft:oak_sapling":4,"duckling:duck_egg":8,"minecraft:acacia_wood":16,"minecraft:large_fern":1,"minecraft:golden_pickaxe":31}},"DataVersion":3465}