{"stats":{"minecraft:killed":{"minecraft:skeleton":1,"minecraft:zombie":4},"minecraft:used":{"minecraft:bread":6,"minecraft:poppy":1,"minecraft:iron_helmet":1,"minecraft:shield":1,"minecraft:rotten_flesh":1,"minecraft:iron_chestplate":1,"minecraft:torch":6,"minecraft:wooden_sword":32,"minecraft:dirt":33,"minecraft:cobblestone":1,"duckling:duck_egg":8,"minecraft:large_fern":1},"minecraft:killed_by":{"minecraft:creeper":1},"minecraft:picked_up":{"minecraft:torch":1,"minecraft:carrot":1,"minecraft:dirt":33,"minecraft:rotten_flesh":1,"minecraft:arrow":1,"minecraft:wheat_seeds":22,"minecraft:hay_block":16,"minecraft:white_tulip":1,"minecraft:poppy":1,"duckling:duck_egg":8,"minecraft:cobblestone":1},"minecraft:custom":{"minecraft:time_since_rest":42241,"lootr:looted_stat":33,"minecraft:sprint_one_cm":63806,"minecraft:damage_taken":537,"minecraft:walk_one_cm":57752,"minecraft:damage_blocked_by_shield":60,"minecraft:mob_kills":5,"minecraft:damage_dealt":1002,"minecraft:swim_one_cm":11784,"minecraft:fly_one_cm":574113,"minecraft:open_barrel":5,"minecraft:crouch_one_cm":1261,"minecraft:play_time":58939,"minecraft:deaths":1,"minecraft:sneak_time":1725,"minecraft:walk_under_water_one_cm":1042,"minecraft:interact_with_lectern":3,"minecraft:interact_with_brewingstand":6,"minecraft:jump":413,"minecraft:leave_game":2,"minecraft:walk_on_water_one_cm":3968,"minecraft:time_since_death":42213,"minecraft:total_world_time":58939,"minecraft:climb_one_cm":1979,"minecraft:fall_one_cm":11377},"minecraft:mined":{"minecraft:large_fern":2,"minecraft:hay_block":16,"minecraft:grass":55,"minecraft:grass_block":7,"minecraft:dirt_path":4,"minecraft:dirt":9,"minecraft:tall_grass":25,"minecraft:fern":5}},"DataVersion":3465}