{"stats":{"minecraft:crafted":{"minecraft:oak_planks":128,"minecraft:crafting_table":1,"minecraft:birch_planks":12,"minecraft:bread":48,"minecraft:stick":4,"minecraft:wooden_axe":5,"minecraft:chest":1,"minecraft:wheat":144},"minecraft:dropped":{"minecraft:white_tulip":1},"minecraft:killed_by":{"minecraft:creeper":1},"minecraft:mined":{"lootr:lootr_barrel":3,"farmersdelight:wild_carrots":8,"minecraft:crafting_table":1,"minecraft:torch":1,"minecraft:grass_block":7,"minecraft:lectern":4,"minecraft:tall_grass":26,"minecraft:large_fern":2,"minecraft:hay_block":16,"minecraft:spruce_sapling":1,"minecraft:birch_log":9,"minecraft:spruce_log":28,"minecraft:grass":73,"minecraft:coal_ore":8,"minecraft:oak_log":116,"minecraft:dirt_path":4,"minecraft:dirt":9,"minecraft:oak_leaves":3,"minecraft:fern":5},"minecraft:custom":{"lootr:looted_stat":34,"minecraft:mob_kills":7,"minecraft:interact_with_crafting_table":6,"minecraft:open_barrel":5,"minecraft:leave_game":2,"minecraft:time_since_death":60181,"minecraft:sleep_in_bed":1,"minecraft:climb_one_cm":1979,"minecraft:time_since_rest":5793,"minecraft:sprint_one_cm":122400,"minecraft:damage_taken":813,"minecraft:walk_one_cm":89735,"minecraft:damage_blocked_by_shield":120,"minecraft:drop":1,"minecraft:damage_dealt":1358,"minecraft:talked_to_villager":4,"minecraft:swim_one_cm":11784,"minecraft:fly_one_cm":733425,"minecraft:open_chest":2,"minecraft:crouch_one_cm":2266,"minecraft:play_time":76907,"minecraft:deaths":1,"minecraft:sneak_time":2351,"minecraft:walk_under_water_one_cm":1172,"minecraft:interact_with_lectern":3,"minecraft:interact_with_brewingstand":6,"minecraft:jump":735,"minecraft:walk_on_water_one_cm":4149,"minecraft:total_world_time":76907,"minecraft:fall_one_cm":21336},"minecraft:picked_up":{"minecraft:birch_log":9,"minecraft:crafting_table":1,"minecraft:oak_log":112,"minecraft:dirt":33,"minecraft:bone":2,"minecraft:apple":4,"minecraft:wheat_seeds":23,"minecraft:white_tulip":2,"minecraft:poppy":1,"minecraft:lectern":4,"minecraft:oak_planks":47,"duckling:duck_egg":8,"minecraft:stick":40,"minecraft:torch":2,"minecraft:spruce_sapling":26,"minecraft:carrot":9,"minecraft:spruce_log":28,"minecraft:barrel":3,"minecraft:rotten_flesh":1,"minecraft:arrow":2,"minecraft:hay_block":16,"minecraft:oak_sapling":39,"minecraft:coal":8,"minecraft:cobblestone":1},"minecraft:killed":{"minecraft:spider":1,"minecraft:skeleton":2,"minecraft:zombie":4},"minecraft:broken":{"minecraft:wooden_axe":1},"minecraft:used":{"minecraft:poppy":1,"minecraft:chest":1,"minecraft:shield":2,"minecraft:rotten_flesh":1,"minecraft:iron_chestplate":1,"minecraft:torch":7,"minecraft:dirt":33,"minecraft:crafting_table":2,"minecraft:wooden_axe":170,"minecraft:bread":13,"minecraft:lectern":4,"minecraft:iron_helmet":1,"minecraft:spruce_sapling":29,"minecraft:wooden_sword":43,"minecraft:cobblestone":1,"duckling:duck_egg":8,"minecraft:large_fern":1,"minecraft:golden_pickaxe":8}},"DataVersion":3465}