{"stats":{"minecraft:dropped":{"minecraft:wheat_seeds":2,"minecraft:crossbow":4,"minecraft:cobblestone":1,"minecraft:spruce_stairs":44,"minecraft:emerald":9,"minecraft:dirt":10,"minecraft:wooden_axe":1,"minecraft:spruce_sapling":7,"minecraft:dandelion":1,"minecraft:white_tulip":1,"minecraft:andesite_slab":6,"minecraft:birch_sapling":3,"minecraft:andesite":20,"minecraft:oak_sapling":9},"minecraft:crafted":{"artifacts:eternal_steak":1,"minecraft:oak_planks":464,"minecraft:furnace":1,"minecraft:spruce_stairs":48,"minecraft:bow":3,"minecraft:chest":3,"minecraft:stone_hoe":1,"minecraft:wheat":144,"minecraft:crossbow":8,"minecraft:wooden_shovel":1,"minecraft:arrow":192,"minecraft:emerald":74,"minecraft:crafting_table":5,"minecraft:spruce_planks":2864,"supplementaries:timber_cross_brace":64,"minecraft:fletching_table":1,"minecraft:bucket":1,"minecraft:birch_planks":64,"minecraft:stone_axe":18,"minecraft:enchanted_book":1,"supplementaries:timber_frame":1,"minecraft:bread":48,"minecraft:air":0,"supplementaries:timber_brace":1,"minecraft:stick":6438,"minecraft:iron_pickaxe":1,"minecraft:wooden_axe":5,"minecraft:stone_sword":1,"minecraft:white_bed":1},"minecraft:killed_by":{"minecraft:creeper":1},"minecraft:mined":{"minecraft:spruce_planks":2,"minecraft:white_bed":1,"minecraft:oak_sapling":5,"farmersdelight:wild_carrots":8,"minecraft:grass_block":9,"minecraft:spruce_leaves":3,"minecraft:large_fern":6,"minecraft:hay_block":16,"minecraft:spruce_sapling":1,"supplementaries:timber_brace":1,"supplementaries:timber_frame":2,"minecraft:acacia_wood":16,"minecraft:andesite":8,"minecraft:fletching_table":8,"supplementaries:stick":2,"minecraft:dirt_path":4,"minecraft:stone":43,"minecraft:podzol":4,"lootr:lootr_barrel":3,"lootr:lootr_chest":1,"minecraft:dandelion":1,"supplementaries:timber_cross_brace":10,"minecraft:crafting_table":2,"minecraft:torch":1,"minecraft:andesite_slab":3,"minecraft:lectern":22,"minecraft:tall_grass":46,"minecraft:spruce_stairs":5,"minecraft:birch_log":16,"minecraft:spruce_log":1202,"minecraft:grass":135,"minecraft:oak_log":266,"minecraft:coal_ore":8,"minecraft:dirt":30,"minecraft:oak_leaves":7,"minecraft:fern":8},"minecraft:custom":{"lootr:looted_stat":34,"minecraft:mob_kills":33,"minecraft:interact_with_crafting_table":29,"minecraft:open_barrel":5,"minecraft:leave_game":2,"minecraft:time_since_death":120181,"minecraft:climb_one_cm":1979,"minecraft:sprint_one_cm":326616,"minecraft:walk_one_cm":238353,"minecraft:damage_blocked_by_shield":180,"minecraft:drop":23,"minecraft:talked_to_villager":85,"minecraft:play_time":136907,"minecraft:deaths":1,"minecraft:sneak_time":4081,"minecraft:walk_under_water_one_cm":1172,"minecraft:interact_with_lectern":3,"minecraft:jump":1695,"minecraft:interact_with_brewingstand":6,"minecraft:walk_on_water_one_cm":4497,"minecraft:total_world_time":136907,"minecraft:interact_with_furnace":3,"minecraft:traded_with_villager":98,"minecraft:sleep_in_bed":5,"minecraft:time_since_rest":5772,"minecraft:damage_taken":1785,"minecraft:damage_dealt":5914,"minecraft:swim_one_cm":11784,"minecraft:fly_one_cm":924533,"minecraft:open_chest":31,"minecraft:crouch_one_cm":7836,"minecraft:fall_one_cm":44315},"minecraft:picked_up":{"minecraft:crafting_table":2,"minecraft:chicken":1,"minecraft:brown_mushroom":1,"supplementaries:timber_cross_brace":10,"minecraft:spruce_planks":18,"minecraft:beef":6,"minecraft:white_tulip":2,"minecraft:poppy":3,"minecraft:light_gray_wool":1,"minecraft:lectern":22,"minecraft:chest":1,"minecraft:birch_sapling":6,"minecraft:stick":224,"minecraft:torch":3,"minecraft:spruce_stairs":91,"minecraft:porkchop":3,"minecraft:carrot":9,"artifacts:everlasting_beef":1,"minecraft:arrow":8,"minecraft:rotten_flesh":12,"supplementaries:timber_brace":1,"minecraft:hay_block":16,"minecraft:mutton":9,"minecraft:cobblestone":45,"minecraft:white_wool":5,"minecraft:birch_log":16,"minecraft:leather":1,"minecraft:andesite":20,"minecraft:brown_wool":1,"minecraft:acacia_wood":16,"minecraft:oak_log":259,"minecraft:dirt":70,"minecraft:bone":9,"minecraft:apple":15,"minecraft:wheat_seeds":34,"minecraft:iron_ingot":6,"minecraft:fletching_table":8,"supplementaries:timber_frame":2,"minecraft:oak_planks":47,"duckling:duck_egg":8,"minecraft:dandelion":3,"minecraft:spruce_sapling":163,"minecraft:white_bed":1,"minecraft:spruce_log":1187,"minecraft:barrel":3,"minecraft:emerald":9,"minecraft:oak_sapling":142,"minecraft:black_wool":1,"minecraft:coal":8,"minecraft:andesite_slab":6},"minecraft:killed":{"minecraft:spider":1,"minecraft:skeleton":4,"minecraft:pig":1,"minecraft:iron_golem":2,"minecraft:sheep":8,"minecraft:zombie":13,"minecraft:cow":3},"minecraft:broken":{"minecraft:wooden_sword":1,"minecraft:stone_axe":1,"minecraft:golden_pickaxe":1,"minecraft:wooden_axe":3},"minecraft:used":{"minecraft:stone_sword":103,"minecraft:tropical_fish":1,"minecraft:poppy":1,"minecraft:chest":4,"minecraft:spruce_planks":2,"minecraft:shield":3,"minecraft:wooden_shovel":28,"minecraft:rotten_flesh":1,"minecraft:iron_chestplate":1,"minecraft:stick":2,"minecraft:torch":10,"minecraft:dirt":44,"minecraft:mutton":3,"minecraft:spruce_stairs":9,"minecraft:wooden_axe":246,"supplementaries:timber_brace":1,"minecraft:iron_helmet":1,"artifacts:everlasting_beef":3,"minecraft:beef":1,"minecraft:furnace":1,"minecraft:oak_sapling":89,"duckling:duck_egg":8,"minecraft:acacia_wood":16,"minecraft:large_fern":1,"minecraft:water_bucket":7,"minecraft:oak_planks":12,"artifacts:eternal_steak":1,"minecraft:brown_mushroom":1,"minecraft:fletching_table":9,"supplementaries:timber_frame":2,"minecraft:crafting_table":7,"minecraft:white_bed":2,"minecraft:spruce_log":15,"minecraft:bread":35,"minecraft:iron_pickaxe":9,"minecraft:lectern":22,"minecraft:spruce_sapling":150,"minecraft:stone_axe":1344,"minecraft:wooden_sword":59,"minecraft:cobblestone":1,"minecraft:porkchop":3,"supplementaries:timber_cross_brace":10,"minecraft:bucket":8,"minecraft:dandelion":1,"minecraft:golden_pickaxe":53}},"DataVersion":3465}