{"stats":{"minecraft:killed":{"minecraft:skeleton":1,"minecraft:zombie":4},"minecraft:used":{"minecraft:bread":6,"minecraft:poppy":1,"minecraft:iron_helmet":1,"minecraft:shield":1,"minecraft:rotten_flesh":1,"minecraft:iron_chestplate":1,"minecraft:torch":2,"minecraft:wooden_sword":32,"minecraft:dirt":33,"minecraft:cobblestone":1,"duckling:duck_egg":8,"minecraft:large_fern":1},"minecraft:killed_by":{"minecraft:creeper":1},"minecraft:picked_up":{"minecraft:torch":1,"minecraft:carrot":1,"minecraft:dirt":33,"minecraft:rotten_flesh":1,"minecraft:arrow":1,"minecraft:wheat_seeds":22,"minecraft:hay_block":16,"minecraft:white_tulip":1,"minecraft:poppy":1,"duckling:duck_egg":8,"minecraft:cobblestone":1},"minecraft:custom":{"minecraft:time_since_rest":26084,"lootr:looted_stat":9,"minecraft:sprint_one_cm":61648,"minecraft:damage_taken":537,"minecraft:walk_one_cm":52223,"minecraft:damage_blocked_by_shield":60,"minecraft:mob_kills":5,"minecraft:damage_dealt":1002,"minecraft:swim_one_cm":11784,"minecraft:fly_one_cm":169929,"minecraft:crouch_one_cm":753,"minecraft:play_time":42782,"minecraft:deaths":1,"minecraft:sneak_time":889,"minecraft:walk_under_water_one_cm":857,"minecraft:interact_with_lectern":1,"minecraft:jump":398,"minecraft:leave_game":1,"minecraft:walk_on_water_one_cm":3873,"minecraft:time_since_death":26056,"minecraft:total_world_time":42782,"minecraft:climb_one_cm":1771,"minecraft:fall_one_cm":11377},"minecraft:mined":{"minecraft:large_fern":2,"minecraft:hay_block":16,"minecraft:grass":55,"minecraft:grass_block":7,"minecraft:dirt_path":4,"minecraft:dirt":9,"minecraft:tall_grass":25,"minecraft:fern":5}},"DataVersion":3465}