{"stats":{"minecraft:crafted":{"minecraft:crafting_table":1,"minecraft:stick":4,"minecraft:wooden_axe":1,"minecraft:birch_planks":12},"minecraft:killed_by":{"minecraft:creeper":1},"minecraft:mined":{"minecraft:large_fern":2,"minecraft:hay_block":16,"minecraft:birch_log":9,"farmersdelight:wild_carrots":8,"minecraft:spruce_log":28,"minecraft:grass":67,"minecraft:oak_log":25,"minecraft:coal_ore":8,"minecraft:grass_block":7,"minecraft:dirt_path":4,"minecraft:dirt":9,"minecraft:tall_grass":26,"minecraft:oak_leaves":1,"minecraft:fern":5},"minecraft:custom":{"minecraft:time_since_rest":48209,"lootr:looted_stat":33,"minecraft:sprint_one_cm":81697,"minecraft:damage_taken":597,"minecraft:walk_one_cm":69080,"minecraft:damage_blocked_by_shield":60,"minecraft:mob_kills":5,"minecraft:damage_dealt":1002,"minecraft:interact_with_crafting_table":2,"minecraft:swim_one_cm":11784,"minecraft:talked_to_villager":4,"minecraft:fly_one_cm":685608,"minecraft:open_barrel":5,"minecraft:crouch_one_cm":1410,"minecraft:play_time":64907,"minecraft:deaths":1,"minecraft:sneak_time":2141,"minecraft:walk_under_water_one_cm":1172,"minecraft:interact_with_lectern":3,"minecraft:jump":566,"minecraft:interact_with_brewingstand":6,"minecraft:leave_game":2,"minecraft:walk_on_water_one_cm":4149,"minecraft:time_since_death":48181,"minecraft:climb_one_cm":1979,"minecraft:total_world_time":64907,"minecraft:fall_one_cm":19869},"minecraft:picked_up":{"minecraft:birch_log":9,"minecraft:stick":17,"minecraft:torch":1,"minecraft:spruce_sapling":21,"minecraft:oak_log":25,"minecraft:spruce_log":17,"minecraft:carrot":9,"minecraft:dirt":33,"minecraft:apple":1,"minecraft:arrow":1,"minecraft:rotten_flesh":1,"minecraft:wheat_seeds":22,"minecraft:hay_block":16,"minecraft:white_tulip":1,"minecraft:poppy":1,"minecraft:oak_sapling":8,"minecraft:coal":8,"duckling:duck_egg":8,"minecraft:cobblestone":1},"minecraft:killed":{"minecraft:skeleton":1,"minecraft:zombie":4},"minecraft:broken":{"minecraft:wooden_axe":1},"minecraft:used":{"minecraft:wooden_axe":64,"minecraft:bread":7,"minecraft:poppy":1,"minecraft:iron_helmet":1,"minecraft:shield":1,"minecraft:spruce_sapling":8,"minecraft:rotten_flesh":1,"minecraft:iron_chestplate":1,"minecraft:torch":6,"minecraft:wooden_sword":32,"minecraft:dirt":33,"minecraft:cobblestone":1,"minecraft:crafting_table":1,"duckling:duck_egg":8,"minecraft:golden_pickaxe":8,"minecraft:large_fern":1}},"DataVersion":3465}