{"stats":{"minecraft:dropped":{"minecraft:wheat_seeds":2,"minecraft:cobblestone":1,"minecraft:spruce_stairs":44,"minecraft:emerald":9,"minecraft:dirt":10,"minecraft:wooden_axe":1,"minecraft:spruce_sapling":7,"minecraft:dandelion":1,"minecraft:white_tulip":1,"minecraft:andesite_slab":6,"minecraft:birch_sapling":3,"minecraft:andesite":20,"minecraft:oak_sapling":9},"minecraft:crafted":{"minecraft:oak_planks":464,"minecraft:spruce_stairs":48,"minecraft:bow":3,"minecraft:chest":3,"minecraft:wheat":144,"minecraft:crossbow":4,"minecraft:wooden_shovel":1,"minecraft:arrow":192,"minecraft:emerald":74,"minecraft:crafting_table":5,"minecraft:spruce_planks":2320,"supplementaries:timber_cross_brace":64,"minecraft:fletching_table":1,"minecraft:birch_planks":64,"minecraft:stone_axe":15,"minecraft:enchanted_book":1,"supplementaries:timber_frame":1,"minecraft:bread":48,"minecraft:air":0,"supplementaries:timber_brace":1,"minecraft:stick":5390,"minecraft:iron_pickaxe":1,"minecraft:wooden_axe":5,"minecraft:stone_sword":1,"minecraft:white_bed":1},"minecraft:killed_by":{"minecraft:creeper":1},"minecraft:mined":{"minecraft:spruce_planks":2,"minecraft:white_bed":1,"minecraft:oak_sapling":5,"farmersdelight:wild_carrots":8,"minecraft:grass_block":9,"minecraft:spruce_leaves":3,"minecraft:large_fern":5,"minecraft:hay_block":16,"minecraft:spruce_sapling":1,"supplementaries:timber_brace":1,"supplementaries:timber_frame":2,"minecraft:acacia_wood":16,"minecraft:andesite":8,"minecraft:fletching_table":8,"supplementaries:stick":2,"minecraft:dirt_path":4,"minecraft:stone":34,"minecraft:podzol":4,"lootr:lootr_barrel":3,"lootr:lootr_chest":1,"minecraft:dandelion":1,"supplementaries:timber_cross_brace":10,"minecraft:crafting_table":2,"minecraft:torch":1,"minecraft:andesite_slab":3,"minecraft:lectern":22,"minecraft:tall_grass":46,"minecraft:spruce_stairs":5,"minecraft:birch_log":16,"minecraft:spruce_log":800,"minecraft:grass":116,"minecraft:oak_log":266,"minecraft:coal_ore":8,"minecraft:dirt":30,"minecraft:oak_leaves":7,"minecraft:fern":6},"minecraft:custom":{"lootr:looted_stat":34,"minecraft:mob_kills":23,"minecraft:interact_with_crafting_table":25,"minecraft:open_barrel":5,"minecraft:leave_game":2,"minecraft:time_since_death":108181,"minecraft:climb_one_cm":1979,"minecraft:sprint_one_cm":273447,"minecraft:walk_one_cm":216312,"minecraft:damage_blocked_by_shield":120,"minecraft:drop":19,"minecraft:talked_to_villager":80,"minecraft:play_time":124907,"minecraft:deaths":1,"minecraft:sneak_time":3682,"minecraft:walk_under_water_one_cm":1172,"minecraft:interact_with_lectern":3,"minecraft:jump":1366,"minecraft:interact_with_brewingstand":6,"minecraft:walk_on_water_one_cm":4149,"minecraft:total_world_time":124907,"minecraft:traded_with_villager":94,"minecraft:sleep_in_bed":4,"minecraft:time_since_rest":9187,"minecraft:damage_taken":1380,"minecraft:damage_dealt":3967,"minecraft:swim_one_cm":11784,"minecraft:fly_one_cm":852176,"minecraft:open_chest":21,"minecraft:crouch_one_cm":6337,"minecraft:fall_one_cm":33474},"minecraft:picked_up":{"minecraft:crafting_table":2,"minecraft:chicken":1,"supplementaries:timber_cross_brace":10,"minecraft:spruce_planks":18,"minecraft:white_tulip":2,"minecraft:poppy":1,"minecraft:lectern":22,"minecraft:chest":1,"minecraft:birch_sapling":6,"minecraft:stick":212,"minecraft:torch":3,"minecraft:spruce_stairs":91,"minecraft:porkchop":3,"minecraft:carrot":9,"minecraft:arrow":2,"minecraft:rotten_flesh":10,"supplementaries:timber_brace":1,"minecraft:hay_block":16,"minecraft:mutton":6,"minecraft:cobblestone":36,"minecraft:white_wool":3,"minecraft:birch_log":16,"minecraft:andesite":20,"minecraft:brown_wool":1,"minecraft:acacia_wood":16,"minecraft:oak_log":259,"minecraft:dirt":70,"minecraft:bone":2,"minecraft:apple":15,"minecraft:wheat_seeds":33,"minecraft:iron_ingot":3,"minecraft:fletching_table":8,"supplementaries:timber_frame":2,"minecraft:oak_planks":47,"duckling:duck_egg":8,"minecraft:dandelion":2,"minecraft:spruce_sapling":132,"minecraft:white_bed":1,"minecraft:spruce_log":785,"minecraft:barrel":3,"minecraft:emerald":9,"minecraft:oak_sapling":142,"minecraft:black_wool":1,"minecraft:coal":8,"minecraft:andesite_slab":6},"minecraft:killed":{"minecraft:spider":1,"minecraft:skeleton":2,"minecraft:pig":1,"minecraft:iron_golem":1,"minecraft:sheep":5,"minecraft:zombie":13},"minecraft:broken":{"minecraft:wooden_sword":1,"minecraft:stone_axe":1,"minecraft:golden_pickaxe":1,"minecraft:wooden_axe":3},"minecraft:used":{"minecraft:stone_sword":57,"minecraft:tropical_fish":1,"minecraft:poppy":1,"minecraft:chest":4,"minecraft:spruce_planks":2,"minecraft:shield":2,"minecraft:wooden_shovel":28,"minecraft:rotten_flesh":1,"minecraft:iron_chestplate":1,"minecraft:stick":2,"minecraft:torch":10,"minecraft:dirt":44,"minecraft:spruce_stairs":9,"minecraft:wooden_axe":246,"supplementaries:timber_brace":1,"minecraft:iron_helmet":1,"minecraft:oak_sapling":89,"duckling:duck_egg":8,"minecraft:acacia_wood":16,"minecraft:large_fern":1,"minecraft:oak_planks":12,"minecraft:fletching_table":9,"supplementaries:timber_frame":2,"minecraft:crafting_table":7,"minecraft:white_bed":2,"minecraft:spruce_log":5,"minecraft:bread":28,"minecraft:lectern":22,"minecraft:spruce_sapling":121,"minecraft:stone_axe":938,"minecraft:wooden_sword":59,"minecraft:cobblestone":1,"minecraft:porkchop":3,"supplementaries:timber_cross_brace":10,"minecraft:golden_pickaxe":53}},"DataVersion":3465}