{"stats":{"minecraft:killed":{"minecraft:skeleton":1},"minecraft:used":{"minecraft:torch":1,"minecraft:iron_chestplate":1,"minecraft:wooden_sword":5,"minecraft:dirt":20,"minecraft:bread":2,"minecraft:poppy":1,"minecraft:iron_helmet":1,"minecraft:shield":1},"minecraft:killed_by":{"minecraft:creeper":1},"minecraft:picked_up":{"minecraft:arrow":1,"minecraft:torch":1,"minecraft:wheat_seeds":3,"minecraft:poppy":1,"duckling:duck_egg":1,"minecraft:dirt":20,"minecraft:cobblestone":1},"minecraft:custom":{"minecraft:time_since_rest":2084,"minecraft:crouch_one_cm":480,"minecraft:sprint_one_cm":23458,"lootr:looted_stat":4,"minecraft:play_time":18782,"minecraft:walk_one_cm":17535,"minecraft:damage_taken":425,"minecraft:deaths":1,"minecraft:damage_blocked_by_shield":60,"minecraft:sneak_time":215,"minecraft:mob_kills":1,"minecraft:jump":150,"minecraft:damage_dealt":199,"minecraft:leave_game":1,"minecraft:time_since_death":2056,"minecraft:walk_on_water_one_cm":193,"minecraft:total_world_time":18782,"minecraft:fly_one_cm":36997,"minecraft:fall_one_cm":7917},"minecraft:mined":{"minecraft:grass":10,"minecraft:dirt":7,"minecraft:tall_grass":4}},"DataVersion":3465}