{"stats":{"minecraft:broken":{"minecraft:wooden_sword":1},"minecraft:custom":{"minecraft:jump":67,"minecraft:time_since_rest":4143,"minecraft:damage_dealt":1638,"minecraft:sprint_one_cm":15023,"minecraft:leave_game":2,"minecraft:play_time":4143,"minecraft:damage_taken":191,"minecraft:time_since_death":4143,"minecraft:walk_one_cm":16899,"minecraft:sneak_time":5,"minecraft:total_world_time":4143,"minecraft:mob_kills":6,"minecraft:fall_one_cm":2154,"minecraft:fly_one_cm":15520,"minecraft:open_barrel":2},"minecraft:used":{"minecraft:rotten_flesh":3,"minecraft:wooden_sword":59},"minecraft:picked_up":{"minecraft:bone":2,"minecraft:arrow":2,"minecraft:rotten_flesh":6},"minecraft:killed":{"minecraft:skeleton":1,"minecraft:zombie":5}},"DataVersion":3465}