{"stats":{"minecraft:picked_up":{"minecraft:tripwire_hook":2,"minecraft:painting":2,"minecraft:golden_apple":1,"minecraft:poppy":1},"minecraft:killed":{"minecraft:husk":1},"minecraft:used":{"minecraft:stone_bricks":1,"minecraft:beetroot":4,"minecraft:mossy_stone_bricks":1,"minecraft:wooden_sword":19,"minecraft:diamond_shovel":1,"minecraft:bread":5,"wizards:staff_wizard":3,"archers:archers_workbench":1,"minecraft:painting":2,"spell_engine:spell_binding":1,"paladins:monk_workbench":1,"rogues:arms_workbench":3},"minecraft:custom":{"minecraft:time_since_rest":15214,"minecraft:crouch_one_cm":426,"minecraft:sprint_one_cm":30878,"lootr:looted_stat":23,"minecraft:play_time":15214,"minecraft:damage_taken":410,"minecraft:walk_one_cm":26918,"minecraft:sneak_time":347,"minecraft:walk_under_water_one_cm":916,"minecraft:mob_kills":1,"minecraft:jump":123,"minecraft:eat_cake_slice":2,"minecraft:damage_dealt":567,"minecraft:interact_with_blast_furnace":2,"minecraft:leave_game":1,"minecraft:walk_on_water_one_cm":589,"minecraft:time_since_death":15214,"minecraft:climb_one_cm":1020,"minecraft:total_world_time":15214,"minecraft:fall_one_cm":2765,"minecraft:fly_one_cm":136232}},"DataVersion":3465}