{"stats":{"minecraft:picked_up":{"minecraft:tripwire_hook":2,"minecraft:painting":2,"minecraft:golden_apple":1},"minecraft:killed":{"minecraft:husk":1},"minecraft:used":{"minecraft:stone_bricks":1,"minecraft:beetroot":4,"minecraft:mossy_stone_bricks":1,"minecraft:wooden_sword":19,"minecraft:diamond_shovel":1,"minecraft:bread":5,"wizards:staff_wizard":3,"minecraft:painting":2},"minecraft:custom":{"minecraft:time_since_rest":5778,"minecraft:crouch_one_cm":57,"minecraft:play_time":5778,"lootr:looted_stat":9,"minecraft:sprint_one_cm":23062,"minecraft:damage_taken":410,"minecraft:walk_one_cm":22348,"minecraft:sneak_time":68,"minecraft:walk_under_water_one_cm":916,"minecraft:mob_kills":1,"minecraft:jump":87,"minecraft:damage_dealt":567,"minecraft:interact_with_blast_furnace":2,"minecraft:time_since_death":5778,"minecraft:walk_on_water_one_cm":589,"minecraft:total_world_time":5778,"minecraft:climb_one_cm":608,"minecraft:fall_one_cm":2765,"minecraft:fly_one_cm":16031}},"DataVersion":3465}