{"stats":{"minecraft:dropped":{"minecraft:mutton":1,"minecraft:white_wool":1},"minecraft:picked_up":{"minecraft:tripwire_hook":2,"minecraft:painting":2,"minecraft:golden_apple":1,"minecraft:poppy":1,"minecraft:mutton":1,"minecraft:white_wool":1},"minecraft:killed":{"minecraft:sheep":1,"naturalist:lion":3,"minecraft:husk":1,"naturalist:butterfly":1},"minecraft:used":{"minecraft:beetroot":4,"minecraft:mossy_stone_bricks":1,"minecraft:diamond_shovel":1,"runes:crafting_altar":1,"minecraft:bookshelf":18,"minecraft:bread":5,"wizards:staff_wizard":3,"spell_engine:spell_binding":1,"rogues:arms_workbench":3,"minecraft:stone_bricks":1,"minecraft:wooden_sword":19,"wizards:staff_netherite_arcane":1,"archers:archers_workbench":1,"minecraft:painting":2,"paladins:monk_workbench":1},"minecraft:custom":{"minecraft:time_since_rest":23257,"lootr:looted_stat":23,"minecraft:sprint_one_cm":37196,"minecraft:damage_taken":410,"minecraft:walk_one_cm":35664,"minecraft:mob_kills":6,"minecraft:drop":2,"minecraft:damage_dealt":605,"minecraft:fly_one_cm":165093,"minecraft:crouch_one_cm":535,"minecraft:play_time":23257,"minecraft:sneak_time":405,"minecraft:walk_under_water_one_cm":916,"minecraft:jump":159,"minecraft:eat_cake_slice":2,"minecraft:interact_with_blast_furnace":2,"minecraft:leave_game":1,"minecraft:time_since_death":23257,"minecraft:walk_on_water_one_cm":589,"minecraft:total_world_time":23257,"minecraft:climb_one_cm":1522,"minecraft:fall_one_cm":2765}},"DataVersion":3465}